{
  "soh_mae": 0.002267814335333441,
  "soh_rmse": 0.0031302617736253878,
  "rul_mae_cycles": 16.610972222222223,
  "rul_rmse_cycles": 21.155434654245536
}